{
    "Mode_1": {
        "frequency": 19.714928074430137,
        "disp_modeshapes": {
            "ch_id": [
                "ch1",
                "ch2",
                "ch3",
                "ch4",
                "ch5",
                "ch6",
                "ch7",
                "ch8",
                "ch9",
                "ch10",
                "ch11",
                "ch12",
                "ch13",
                "ch14"
            ],
            "coord": [
                5.199073700761252,
                -0.07350131260109208,
                0.12843027221449696,
                11.853445025336699,
                0.09421054934547124,
                -0.05374554569927371,
                13.15752081886356,
                0.031335946516037536,
                0.011032280192579375,
                -0.03812777289971392,
                6.926551186523466,
                0.03220054499785129,
                1.8485948517292357,
                0.13967098109365858
            ]
        }
    },
    "Mode_2": {
        "frequency": 40.23386631121879,
        "disp_modeshapes": {
            "ch_id": [
                "ch1",
                "ch2",
                "ch3",
                "ch4",
                "ch5",
                "ch6",
                "ch7",
                "ch8",
                "ch9",
                "ch10",
                "ch11",
                "ch12",
                "ch13",
                "ch14"
            ],
            "coord": [
                -0.0322561364665588,
                1.3245496702246724,
                0.028233852807136396,
                0.01179536858877695,
                2.13363733444425,
                0.008541460121396074,
                -0.037743704939680586,
                2.2004449944083664,
                2.1479642985268192,
                -0.03348240601257925,
                0.04909998993505847,
                1.5852952507251121,
                0.005223336706210569,
                0.7023857505462887
            ]
        }
    },
    "Mode_3": {
        "frequency": 57.616652083375676,
        "disp_modeshapes": {
            "ch_id": [
                "ch1",
                "ch2",
                "ch3",
                "ch4",
                "ch5",
                "ch6",
                "ch7",
                "ch8",
                "ch9",
                "ch10",
                "ch11",
                "ch12",
                "ch13",
                "ch14"
            ],
            "coord": [
                -12.727572788256326,
                -0.03907526328610259,
                -0.03323322332042247,
                -10.855874338917571,
                0.2099043125939942,
                0.06537092946039652,
                -0.023539213763842857,
                -0.06899571253467743,
                -0.12640029695813346,
                -0.011494778862378712,
                15.44810481672035,
                -0.13598880654655854,
                4.97199044730815,
                -0.02513149656726319
            ]
        }
    },
    "Mode_4": {
        "frequency": 113.32616132647351,
        "disp_modeshapes": {
            "ch_id": [
                "ch1",
                "ch2",
                "ch3",
                "ch4",
                "ch5",
                "ch6",
                "ch7",
                "ch8",
                "ch9",
                "ch10",
                "ch11",
                "ch12",
                "ch13",
                "ch14"
            ],
            "coord": [
                -0.5329839628907693,
                -0.007475488756322688,
                0.0005300813538933101,
                0.23247342840030288,
                -0.002006928257111551,
                0.0005550699725528338,
                0.5068723859541122,
                0.0024301887837786715,
                0.0009046594648805408,
                0.00017405817534307775,
                -0.4738324682929413,
                0.012661118587388505,
                -0.27560653582955164,
                -0.0009786457580170712
            ]
        }
    },
    "Mode_5": {
        "frequency": 143.6895697312341,
        "disp_modeshapes": {
            "ch_id": [
                "ch1",
                "ch2",
                "ch3",
                "ch4",
                "ch5",
                "ch6",
                "ch7",
                "ch8",
                "ch9",
                "ch10",
                "ch11",
                "ch12",
                "ch13",
                "ch14"
            ],
            "coord": [
                0.00496855136986626,
                -10.879187107178382,
                0.1927840015153927,
                0.23415123689298067,
                -6.704482091930954,
                0.033548284916396644,
                -0.1294590534035969,
                -0.026839674824627725,
                6.602203402681649,
                0.17164324828419983,
                0.10384009981504413,
                11.231748212440325,
                -0.16227514258084574,
                6.855718623110298
            ]
        }
    },
    "Mode_6": {
        "frequency": 172.6500748197791,
        "disp_modeshapes": {
            "ch_id": [
                "ch1",
                "ch2",
                "ch3",
                "ch4",
                "ch5",
                "ch6",
                "ch7",
                "ch8",
                "ch9",
                "ch10",
                "ch11",
                "ch12",
                "ch13",
                "ch14"
            ],
            "coord": [
                -0.05085941614860962,
                -0.00025184144141090055,
                -0.0007342882502589027,
                0.054276335738250914,
                0.0007892703600250454,
                -0.0009353498273537165,
                4.922242496424329e-05,
                -0.00016371842018079,
                -0.000405096435511889,
                -0.00018788508254805465,
                0.02195325850011195,
                0.0005799392979230246,
                0.04406398699179389,
                -0.0010043462540217844
            ]
        }
    },
    "Mode_7": {
        "frequency": 251.77788184293928,
        "disp_modeshapes": {
            "ch_id": [
                "ch1",
                "ch2",
                "ch3",
                "ch4",
                "ch5",
                "ch6",
                "ch7",
                "ch8",
                "ch9",
                "ch10",
                "ch11",
                "ch12",
                "ch13",
                "ch14"
            ],
            "coord": [
                -0.1353353968796395,
                -0.05312201055330299,
                9.538968350862712,
                -0.03460701874450442,
                0.06821463008778653,
                11.275603919609765,
                -0.09622082530631379,
                0.004435650850690415,
                -0.0014796526399434172,
                14.512717875248791,
                0.19223246304235217,
                0.04212414049385123,
                0.1779676025395442,
                -0.025789157195155878
            ]
        }
    },
    "Mode_8": {
        "frequency": 271.32537709821185,
        "disp_modeshapes": {
            "ch_id": [
                "ch1",
                "ch2",
                "ch3",
                "ch4",
                "ch5",
                "ch6",
                "ch7",
                "ch8",
                "ch9",
                "ch10",
                "ch11",
                "ch12",
                "ch13",
                "ch14"
            ],