{
    "Mode_1": {
        "frequency": 2.69910491,
        "disp_modeshapes": {
            "ch_id": [
                "ch1",
                "ch2",
                "ch3",
                "ch4",
                "ch5",
                "ch6",
                "ch7",
                "ch8",
                "ch9",
                "ch10",
                "ch11",
                "ch12",
                "ch13",
                "ch14",
                "ch15"
            ],
            "coord": [
                0.394389,
                -0.0109913,
                0.419695,
                0.374724,
                -0.0192341,
                0.383939,
                0.336991,
                -0.00755887,
                0.336631,
                0.249223,
                0.0441023,
                0.249534,
                0.0992278,
                -0.0118656,
                0.129398
            ]
        }
    },
    "Mode_2": {
        "frequency": 4.35763718,
        "disp_modeshapes": {
            "ch_id": [
                "ch1",
                "ch2",
                "ch3",
                "ch4",
                "ch5",
                "ch6",
                "ch7",
                "ch8",
                "ch9",
                "ch10",
                "ch11",
                "ch12",
                "ch13",
                "ch14",
                "ch15"
            ],
            "coord": [
                -0.017236,
                0.667835,
                -0.0383083,
                0.0058813,
                0.554172,
                -0.0661108,
                0.00670071,
                0.397023,
                -0.03019,
                -0.00343467,
                0.261127,
                0.000538472,
                -0.00943515,
                0.117662,
                -0.00189306
            ]
        }
    },
    "Mode_3": {
        "frequency": 7.7752816,
        "disp_modeshapes": {
            "ch_id": [
                "ch1",
                "ch2",
                "ch3",
                "ch4",
                "ch5",
                "ch6",
                "ch7",
                "ch8",
                "ch9",
                "ch10",
                "ch11",
                "ch12",
                "ch13",
                "ch14",
                "ch15"
            ],
            "coord": [
                0.21676,
                -0.559124,
                -0.140014,
                0.16293,
                -0.526911,
                -0.125798,
                0.0865752,
                -0.414182,
                -0.123822,
                0.0844916,
                -0.279,
                -0.0761624,
                0.00876242,
                -0.116268,
                -0.0451028
            ]
        }
    },
    "Mode_4": {
        "frequency": 8.18485446,
        "disp_modeshapes": {
            "ch_id": [
                "ch1",
                "ch2",
                "ch3",
                "ch4",
                "ch5",
                "ch6",
                "ch7",
                "ch8",
                "ch9",
                "ch10",
                "ch11",
                "ch12",
                "ch13",
                "ch14",
                "ch15"
            ],
            "coord": [
                -0.441045,
                0.0681423,
                -0.398951,
                -0.191775,
                0.0579714,
                -0.161549,
                0.148141,
                0.0310191,
                0.17171,
                0.37884,
                0.0358336,
                0.394971,
                0.331803,
                0.00184556,
                0.334877
            ]
        }
    },
    "Mode_5": {
        "frequency": 12.85128123,
        "disp_modeshapes": {
            "ch_id": [
                "ch1",
                "ch2",
                "ch3",
                "ch4",
                "ch5",
                "ch6",
                "ch7",
                "ch8",
                "ch9",
                "ch10",
                "ch11",
                "ch12",
                "ch13",
                "ch14",
                "ch15"
            ],
            "coord": [
                -0.397084,
                0.000849362,
                -0.406721,
                0.143099,
                -0.0149591,
                0.136239,
                0.388599,
                -0.0182556,
                0.3876,
                -0.0524548,
                -0.00719926,
                -0.0542937,
                -0.408803,
                0.00786682,
                -0.403892
            ]
        }
    },
    "Mode_6": {
        "frequency": 16.59645253,
        "disp_modeshapes": {
            "ch_id": [
                "ch1",
                "ch2",
                "ch3",
                "ch4",
                "ch5",
                "ch6",
                "ch7",
                "ch8",
                "ch9",
                "ch10",
                "ch11",
                "ch12",
                "ch13",
                "ch14",
                "ch15"
            ],
            "coord": [
                -0.313495,
                -0.00417853,
                -0.315166,
                0.383259,
                -0.0151432,
                0.395335,
                -0.0433915,
                0.0107692,
                -0.0437987,
                -0.352842,
                -0.00546052,
                -0.352949,
                0.35576,
                -0.00586249,
                0.345471
            ]
        }
    },
    "Mode_7": {
        "frequency": 18.96039266,
        "disp_modeshapes": {
            "ch_id": [
                "ch1",
                "ch2",
                "ch3",
                "ch4",
                "ch5",
                "ch6",
                "ch7",
                "ch8",
                "ch9",
                "ch10",
                "ch11",
                "ch12",
                "ch13",
                "ch14",
                "ch15"
            ],
            "coord": [
                -0.180022,
                -0.0404665,
                -0.187589,
                0.346015,
                -0.0194525,
                0.355423,
                -0.416802,
                0.0346347,
                -0.420638,
                0.356825,
                0.0412005,
                0.356933,
                -0.197079,
                0.0230869,
                -0.191518
            ]
        }
    },
    "Mode_8": {
        "frequency": 20.67792518,
        "disp_modeshapes": {
            "ch_id": [
                "ch1",
                "ch2",
                "ch3",
                "ch4",
                "ch5",
                "ch6",
                "ch7",
                "ch8",
                "ch9",
                "ch10",
                "ch11",
                "ch12",
                "ch13",
                "ch14",
                "ch15"
            ],
            "coord": [
                0.0150121,
                -0.653739,
                0.0223686,
                -0.0514809,
                -0.0574477,
                -0.0505896,
                0.0758418,
                0.403837,
                0.0590646,
                -0.0403312,
                0.534444,
                -0.0118165,
                0.00500103,
                0.321887,
                -0.00563687
            ]
        }
    }
}