{
    "frequencies": {
        "Mode_1": 2.61091,
        "Mode_2": 7.68085,
        "Mode_3": 8.08054,
        "Mode_4": 12.8428,
        "Mode_5": 16.4504,
        "Mode_6": 18.692
    },
    "real_strain_modeshapes": [
        [
            -0.3684590660802146,
            0.5396151143431408,
            0.3609999306255511,
            -0.41672976758638725,
            0.27322210142160397,
            0.4290531190362711
        ],
        [
            -0.4459261214012672,
            0.2829123474361606,
            -0.42018500769985045,
            0.35415018075911736,
            0.28231095078727986,
            0.09180661184590022
        ],
        [
            -0.12416860171554366,
            -0.07194654131179115,
            0.35119495071705253,
            0.5058608779095706,
            -0.5136607001877068,
            0.42272664197040394
        ],
        [
            0.23459906025222182,
            0.1524641091757638,
            -0.4676373135403809,
            -0.23038086467731814,
            -0.21450811567288383,
            0.41866507944707326
        ],
        [
            0.21063676156919825,
            -0.4250106112098715,
            -0.46737122513241414,
            -0.22357997033482743,
            -0.20831889122432878,
            0.43956014486513806
        ],
        [
            -0.38137075922408975,
            -0.33515937420373143,
            0.3441195691719184,
            -0.4001520421468353,
            0.2991196413288431,
            0.4109898184874343
        ],
        [
            -0.4305560825189808,
            0.3060735041092606,
            -0.07591569567122516,
            -0.3025451791879842,
            -0.4434455854811088,
            -0.223903801567024
        ],
        [
            -0.46876775554904576,
            -0.462285309058989,
            -0.09210714494608961,
            -0.3004998074003966,
            -0.45417601896310567,
            -0.2030961355522669
        ]
    ],
    "channels_id": [
        "263.1_up",
        "302.1_up",
        "298.0_up",
        "282.1_up",
        "285.3_up",
        "266.3_up",
        "247.1_up",
        "250.3_up"
    ]
}